path,status,title,description,canonical,h1Count,headings,textBlocks,images,forms,videos,iframes,embeds,dataWIds,mobileOverflow
/,200,PeakSpring® | Medical-Grade Structured Alkaline Water System,"Transform tap water into structured, antioxidant-rich hydration. Medical-grade certified, 15–25 year lifespan, personalized setup & expert support.",https://peakspring.nl/,2,14,62,62,0,1,0,12,2,False
/family,200,Family | PeakSpring® — Hydrogen Rich Water for Your Home,"Restore your tap water to a living, structured state with PeakSpring. Medical-grade certified ionized water for safer hydration, family wellness, and long-term health.",https://peakspring.nl/family,1,10,45,55,0,0,0,12,1,False
/performance,200,Performance | PeakSpring® — Hydrogen Rich Water,"Fuel focus, recovery, and longevity with medical-grade ionized water. Trusted by athletes and biohackers to support cellular hydration and peak performance.",https://peakspring.nl/performance,2,11,51,52,0,0,0,12,2,False
/about-us,200,About PeakSpring® | Medical-Grade Living Water Movement,"Learn how PeakSpring restores living, structured water to modern homes using ISO 13485 certified technology backed by 50 years of Japanese engineering.",https://peakspring.nl/about-us,2,5,34,16,0,0,0,12,2,False
/contact,200,Contact PeakSpring® | Book a Free Consultation,"Get in touch with PeakSpring. Send us a message, book a free consultation, or connect with our expert support team within 24 hours.",https://peakspring.nl/contact,1,4,283,8,1,0,0,12,1,False
/privacy,200,Privacy,"Learn how PeakSpring protects your personal information. Our privacy policy explains data collection, usage, security measures, and your rights.",https://peakspring.nl/privacy,1,15,87,4,0,0,0,12,1,False
/terms,200,Terms,"Read PeakSpring's Terms of Service. Learn about website use, orders, payments, shipping, returns, intellectual property, and legal disclaimers.",https://peakspring.nl/terms,1,16,106,4,0,0,0,12,1,False
/quiz,200,Quiz,,https://peakspring.nl/quiz,0,0,6,0,0,0,1,2,0,False
/call,200,Book a free online consultation with Peakspring about water filtration,"Get in touch with PeakSpring. Send us a message, book a free consultation, or connect with our expert support team within 24 hours.",https://peakspring.nl/call,1,2,24,4,0,0,0,14,1,False
/order,200,Order Form,,https://peakspring.nl/order,0,0,6,0,0,0,1,4,0,False
/video/chemical-free-home-k8-kangen-water-system,200,Chemical-Free Home: The K8 Kangen Water System | PeakSpring | ERW | Electrolyzed reduced water | Hydrogen Rich Water | Holistic health,"Protect your family from microplastics and household chemicals. Discover how the PeakSpring K8 Kangen water ionizer creates a safer, pure home environment.",https://peakspring.nl/video/chemical-free-home-k8-kangen-water-system,2,6,47,20,0,0,0,18,6,False
/video/complete-source-eco-friendly-home-cleaning,200,The Complete Source: Revolutionizing Your Eco-Friendly Home,"Witness how the PeakSpring K8 system replaces toxic cleaning supplies. Utilize chemical-free water to sanitize surfaces, degrease, and purify produce effortlessly.",https://peakspring.nl/video/complete-source-eco-friendly-home-cleaning,2,6,47,20,0,0,0,18,6,False
/video/complete-water-solution-peakspring-daily-use,200,The Complete Water Solution: Daily K8 Hydration | PeakSpring,"Elevate your routine with PeakSpring. Discover how one elegant K8 system purifies, activates, and adapts your water for drinking, cleaning, and skincare.",https://peakspring.nl/video/complete-water-solution-peakspring-daily-use,2,6,47,20,0,0,0,18,6,False
/video/japanese-heritage-water-innovation-blue-zones,200,Japanese Heritage: 50 Years of Water Innovation | PeakSpring,Discover the 50-year Japanese heritage behind PeakSpring's exclusive technology. Medical-grade engineering inspired by the world's Blue Zones.,https://peakspring.nl/video/japanese-heritage-water-innovation-blue-zones,2,6,47,20,0,0,0,18,6,False
/video/liquid-immunity-antioxidant-water-health,200,Liquid Immunity: Antioxidant Ionized Water Benefits | PeakSpring,Support your family's immune system naturally. Learn how the PeakSpring K8 ionizer delivers molecular hydrogen and powerful antioxidants for daily health.,https://peakspring.nl/video/liquid-immunity-antioxidant-water-health,2,6,47,20,0,0,0,18,6,False
/video/medical-grade-water-ionizer-system,200,Medical-Grade Water Ionizer: The K8 Technology | PeakSpring,"Step into the future of home wellness. See how the Japanese K8 medical-grade water ionizer replaces toxic cleaners, skincare, and bottled water instantly.",https://peakspring.nl/video/medical-grade-water-ionizer-system,2,6,47,20,0,0,0,18,6,False
/video/optimize-water-cellular-hydration-high-performance,200,Optimize Your Water: Cellular Hydration for Peak Performance,"Designed for high-performing individuals. Discover how PeakSpring's K8 ionized water optimizes physical recovery, sharpens focus, and elevates energy.",https://peakspring.nl/video/optimize-water-cellular-hydration-high-performance,2,6,47,20,0,0,0,18,6,False
/video/personal-story-ionized-water-transformation,200,A Mother's Discovery: Ionized Water Transformation | PeakSpring,Listen to Danielle’s compelling personal journey as a mother. Learn how the discovery of ionized Kangen water completely transformed her family's daily routines.,https://peakspring.nl/video/personal-story-ionized-water-transformation,2,6,47,20,0,0,0,18,6,False
/video/power-of-ph-5-types-ionized-water,200,The Power of pH: Understanding the 5 Types of Ionized Water,A comprehensive guide to understanding ionized water. Explore the 5 distinct pH levels generated by PeakSpring offered K8 system to replace everyday chemicals.,https://peakspring.nl/video/power-of-ph-5-types-ionized-water,2,6,48,20,0,0,0,18,6,False
/video/private-briefing-peakspring-strategy,200,Request a Private Briefing,Schedule a complimentary discovery call with PeakSpring. Discover how integrating premium medical water technology creates a toxic free household.,https://peakspring.nl/video/private-briefing-peakspring-strategy,2,5,45,20,0,0,0,18,6,False
/video/removing-pesticides-ionized-water-produce,200,The Truth About Produce: Removing Pesticides with Ionized Water,See the shocking difference between rinsing produce in standard tap water versus PeakSpring's highly alkaline water. Strip away oil-based pesticides easily.,https://peakspring.nl/video/removing-pesticides-ionized-water-produce,2,6,47,20,0,0,0,18,6,False
/video/true-hydration-cellular-effects-alkaline-water,200,True Hydration: Cellular Effects of Alkaline Ionized Water,Delve into the science of true cellular hydration. Discover how alkaline pH and molecular hydrogen support your body's natural balance and vitality.,https://peakspring.nl/video/true-hydration-cellular-effects-alkaline-water,2,6,47,20,0,0,0,18,6,False
/video/upgrade-hydration-replace-tap-water,200,Why Upgrade Your Hydration: The Truth About Tap Water,"Uncover the undeniable reasons to upgrade from tap water. From eliminating microplastics to enhancing your immune system, see why PeakSpring is the ultimate asset.",https://peakspring.nl/video/upgrade-hydration-replace-tap-water,2,6,47,20,0,0,0,18,6,False
